{
  "theoretical": {
    "fisher_matrix": [
      [
        64.0,
        -54.233177185058594
      ],
      [
        -54.233177185058594,
        59.0048713684082
      ]
    ],
    "log_det_fisher": 6.727520942687988,
    "constraints": [
      0.26581618189811707,
      0.27683910727500916
    ]
  },
  "cubical_raw": {
    "experiment": "grf_topk_moped",
    "fisher_matrix": [
      [
        21.25184440612793,
        -16.49057388305664
      ],
      [
        -16.490570068359375,
        18.364395141601562
      ]
    ],
    "log_det_fisher": 4.773547172546387,
    "constraints": [
      0.3939359486103058,
      0.4237752854824066
    ],
    "is_gaussian": true
  },
  "cubical_transformed": {
    "experiment": "grf_learnable_topk_moped",
    "fisher_matrix": [
      [
        43.14042282104492,
        -34.397220611572266
      ],
      [
        -34.397220611572266,
        36.20133590698242
      ]
    ],
    "log_det_fisher": 5.936406135559082,
    "constraints": [
      0.30923452973365784,
      0.3375731408596039
    ],
    "is_gaussian": true
  }
}